y_test,y_pred
1655.8710912571794,1045.4121
1261.327377153797,1171.7993
1141.352903637524,1179.1304
1656.828334396937,1262.5046
1717.1346522016597,1238.915
1714.103382259094,1392.0254
1751.4358647096367,1399.4846
1642.9483088704535,1383.6375
1151.8825781748565,1331.2305
997.4473516273133,1260.6321
1604.4990427568603,1307.9299
1794.9904275686024,1300.8472
1758.2961072112314,1493.1462
1685.8647096362479,1441.2874
1621.8889597957882,1432.3354
1225.7498404594767,1526.4124
1025.5264837268667,1323.7642
1646.61774090619,1318.075
1657.3069559668158,1316.3323
1564.2948308870455,1501.1799
1617.5813656668797,1500.0518
1528.557753669432,1521.596
1089.821314613912,1486.1492
865.826419910657,1395.8755
1441.1295469049137,1443.7795
1552.010210593491,1396.0266
1449.9042756860242,1502.9343
1476.0689215060627,1439.9543
1432.0357370772176,1511.1399
1142.1506062539886,1437.4343
948.9470325462668,1406.1633
1162.093171665603,1421.4309
1029.5149968091896,1396.3259
1148.691767708998,1550.9788
1355.137204850032,1527.1262
1223.6758136566689,1538.1494
1016.1135928525845,1604.7002
855.7753669432035,1337.294
1103.063178047224,1333.6602
1147.5749840459478,1373.9187
1121.8889597957882,1540.4116
1109.4447989789405,1525.2263
1143.5864709636248,1489.3806
936.6624122527123,1551.6421
794.8308870453095,1332.612
1068.761965539247,1330.5784
1147.7345245692404,1290.0054
1152.8398213146138,1458.9124
1140.0765794511806,1391.9612
1267.0708359923422,1388.5515
903.7970644543714,1445.4104
818.2833439693683,1205.5752
1252.2335673261007,1183.2292
1155.5520102105934,1151.5051
1152.8398213146138,1332.0137
1140.0765794511806,1287.9053
1267.0708359923422,1260.3865
903.7970644543714,1209.9739
725.1116783663051,1090.1814
1248.0855137204849,1031.3665
1155.0733886407147,1043.9824
1154.9138481174218,1072.9285
1139.2788768347161,1035.0913
1265.634971282706,1115.1956
905.2329291640077,1098.7539
744.7351627313338,987.7823
1248.0855137204849,1027.209
1155.0733886407147,969.3775
1154.9138481174218,1045.0718
1139.2788768347161,1012.36847
1265.634971282706,1025.605
905.2329291640077,1004.70953
744.7351627313338,957.1141
1248.0855137204849,986.0911
1155.0733886407147,958.8675
1154.9138481174218,1052.7942
1139.2788768347161,1036.6743
1265.634971282706,1041.0066
905.2329291640077,1046.6335
744.7351627313338,1015.16486
1248.0855137204849,1009.7813
1155.0733886407147,1007.11774
1078.493937460115,1087.7759
1214.4224633056797,1035.0667
803.9246968730057,1145.4241
935.386088066369,1181.7458
833.9183152520739,1015.9666
1130.5041480536056,985.304
1138.1620931716654,974.7442
1149.0108487555838,1086.492
788.9278876834715,1036.2683
1001.754945756222,1143.6335
869.9744735162732,1170.1956
754.1480536056158,1010.5284
957.4026802807914,975.3746
1075.9412890874282,976.2037
1010.8487555839183,1083.9971
1078.6534779834078,1028.6616
1018.0280791320996,1099.8293
852.7440970006382,1164.2534
741.7038927887685,996.37775
969.3682195277601,967.5516
1059.8276962348434,969.2244
1062.8589661774092,1075.94
1062.858966177409,1021.49005
1021.8570516911295,1106.2554
876.3560944479899,1151.5498
772.4952137843011,980.88434
984.0459476707084,966.23346
1094.1289087428206,935.2867
1061.9017230376514,1032.0901
1025.207402680281,972.9598
960.7530312699428,966.69977
839.1831525207402,898.7393
735.3222718570516,870.13336
976.2284620293553,959.71906
1030.6317804722398,908.93024
1019.7830248883216,994.58453
1111.8379068283343,937.0986
989.4703254626675,869.31537
861.0402042118698,848.30145
743.2992980216975,857.8204
992.5015954052329,874.9174
1046.5858328015315,854.29083
995.0542437779195,944.887
1026.0051052967453,927.53424
1102.2654754307594,944.63873
927.0899808551371,901.8494
808.2322910019143,860.0435
1012.7632418634332,891.6529
769.3044033184427,851.9477
1037.6515634971283,948.7242
1008.1365666879386,941.14606
805.8391831525206,943.6326
885.449904275686,900.61066
777.4409700063815,865.1386
956.126356094448,896.3243
982.4505424377792,867.34296
955.3286534779834,957.7962
952.7760051052968,948.01447
909.5405232929164,931.0324
880.5041480536056,882.15094
732.4505424377791,844.0201
890.0765794511807,891.55646
928.3663050414806,847.3111
894.7032546266753,937.5457
888.3216336949587,915.8388
878.7492022973836,953.98517
852.5845564773452,900.4959
697.8302488832164,849.6169
839.5022335673261,883.7519
907.3069559668156,848.20416
927.2495213784302,935.84406
924.3777919591577,907.59735
905.8710912571794,928.9039
849.0746649649011,915.884
738.9917038927888,873.07367
886.4071474154437,848.83527
873.9629865985961,823.5229
934.1097638800256,875.84576
952.2973835354181,827.35724
951.6592214422465,860.1917
958.9980855137205,836.3536
805.9987236758134,803.67096
943.8417358008935,806.2287
910.1786853860881,821.2586
871.0912571793236,879.9001
901.8825781748565,852.491
881.461391193363,843.5372
818.602425015954,829.99713
712.9865985960435,791.0583
811.2635609444799,781.1778
880.6636885768985,781.36444
859.6043395022336,838.26447
893.9055520102106,813.85834
870.1340140395661,805.0064
849.5532865347798,800.70856
754.3075941289086,777.7664
911.6145500957244,768.95074
956.1263560944479,766.44965
937.6196553924699,824.3483
985.8008934269307,829.03546
921.5060625398852,834.41046
900.765794511806,819.41486
765.7945118059986,792.9798
904.754307594129,782.6104
905.3924696873007,793.2331
953.8927887683473,825.15985
971.1231652839822,837.88385
946.7134652201659,851.35724
923.4205488194001,855.8857
769.304403318443,827.3538
930.5998723675815,818.32196
973.0376515634972,813.39435
920.3892788768349,829.794
951.4996809189536,801.7326
794.8308870453095,803.117
867.7409061901724,796.2149
762.7632418634332,766.75336
874.122527121889,752.2371
878.111040204212,758.40704
866.6241225271218,802.252
864.550095724314,804.2026
869.1767708998086,814.12775
846.8410976388002,814.6038
741.3848117421825,798.35065
805.9987236758137,794.3979
851.6273133375877,810.7349
857.2112316528397,868.52277
857.8493937460114,854.85406
852.2654754307592,869.4051
879.0682833439693,851.4162
824.8245054243778,815.66095
824.5054243777919,806.9914
923.5800893426931,808.56476
932.6738991703893,844.7735
941.2890874282068,849.61896
870.7721761327379,859.91876
891.6719846841098,854.9864
766.1135928525845,816.5235
945.1180599872368,804.9382
960.7530312699427,802.20905
992.8206764518187,856.99554
956.1263560944478,836.242
1032.7058072750478,808.6586
960.7530312699425,796.72736
792.4377791959157,772.31525
1084.2373962986599,770.02423
1099.234205488194,777.81635
1139.7574984045948,804.0185
1180.1212507977027,790.48773
1094.9266113592853,787.5942
923.2610082961071,789.918
816.528398213146,768.7247
1103.3822590938098,760.544
1125.398851308232,760.2725
1115.3477983407786,789.4515
1124.9202297383536,797.4051
1049.936183790683,799.97516
938.0982769623483,803.6099
794.6713465220165,812.95416
1052.3292916400765,808.47797
1087.1091257179323,804.867
1129.546904913848,843.87994
1135.449904275686,854.4659
1124.9202297383536,859.4412
907.9451180599872,848.9246
778.3982131461391,835.98785
1119.4958519463944,840.9666
1187.141033822591,853.4024
1165.6030631780473,913.5347
1145.3414167198468,914.48004
1053.286534779834,916.2552
874.4416081684748,937.5428
791.3209955328654,918.2653
1144.7032546266753,980.75836
1106.8921506062538,922.8099
1208.0408423739632,1017.0159
1241.8634333120613,1013.4036
1155.7115507338865,1041.7969
943.3631142310146,974.34283
826.2603701340139,927.34576
1093.9693682195277,978.3006
1099.8723675813656,930.7962
1115.5073388640715,1024.1047
1156.8283343969367,998.8631
1137.204850031908,1008.5633
963.1461391193363,959.68317
855.6158264199106,916.1845
1068.2833439693682,967.1812
1097.160178685386,917.32916
1072.431397574984,1010.2181
1107.051691129547,1002.4058
1039.2469687300575,1024.7134
907.7855775366943,982.0064
794.6713465220167,946.3577
1144.5437141033824,981.3763
1257.6579451180598,951.0804
1187.4601148691768,1059.6631
1363.9119336311423,1033.1648
1202.456924058711,1032.2703
1016.7517549457563,966.14264
885.1308232291002,946.91534
1387.523931078494,973.8553
1439.5341416719848,963.9583
1381.7804722399487,1027.5938
1369.3363114231013,1054.4175
1413.5290363752392,1083.79
1080.8870453095087,1007.5096
939.6936821952777,950.12286
1315.7306955966815,975.57477
1401.2444160816847,939.79767
1485.9604339502232,1022.5606
1457.5622208040843,1011.39435
1270.4211869814933,1041.9656
1046.5858328015318,990.7408
898.5322271857052,952.2315
1197.8302488832164,976.80695
1322.590938098277,953.1224
1329.9298021697512,1025.102
1399.010848755584,1000.44684
1330.7275047862158,1025.0542
1061.7421825143588,998.42633
904.4352265475429,985.1243
1271.218889597958,1042.6084
1463.3056796426292,1053.0237
1412.571793235482,1153.3872
1435.2265475430759,1132.6458
1393.5864709636248,1197.4724
1150.2871729419273,1154.6926
1020.5807275047863,1111.5266
945.5966815571155,1147.7451
1531.2699425654116,1142.7678
1497.6068921506064,1297.0776
1529.5149968091894,1251.7878
1599.712827058073,1244.7749
1216.4964901084875,1208.5735
1042.11869814933,1146.8835
1472.3994894703253,1178.8298
1641.0338225909381,1149.2561
1376.8347160178685,1264.9763
1419.751116783663,1287.387
1266.2731333758777,1263.196
1189.3746011486917,1209.4146
1024.5692405871093,1082.9355
1235.4818123803448,1138.0093
1274.2501595405233,1095.6882
1141.9910657306957,1207.5107
947.7150537634408,814.3321
760.4838709677417,884.2076
661.6935483870968,851.4118
1025.9408602150536,907.17975
1205.1075268817203,894.42267
1193.010752688172,1007.4671
1186.8279569892472,945.8055
1229.032258064516,971.97125
789.1129032258062,974.03375
676.3440860215053,862.1757
1134.1397849462367,878.8653
1142.8763440860214,900.2469
1147.8494623655915,1012.39215
1155.6451612903227,960.5728
1178.8978494623657,987.10016
760.6182795698924,1008.02814
710.7526881720429,891.5888
1189.6505376344085,890.31134
973.9247311827955,890.65656
973.6559139784946,995.0811
1106.720430107527,968.88605
1107.258064516129,953.9517
913.3064516129028,911.941
756.9892473118279,863.9432
1308.0645161290322,888.0118
1347.4462365591396,895.56354
1249.731182795699,1022.6458
1388.1720430107528,1003.60284
1287.5,1010.1817
847.3118279569891,990.7183
689.6505376344085,897.0755
1178.494623655914,892.6097
916.2634408602147,931.71295
1068.8172043010752,1042.0452
1071.2365591397847,1038.7771
945.8333333333331,1082.1323
677.284946236559,1143.4441
589.7849462365591,892.0435
981.9892473118279,915.2818
1047.8494623655913,930.8953
1040.5913978494625,1047.4878
1046.505376344086,1011.04987
936.8279569892471,1030.2874
785.2150537634407,1044.2664
631.7204301075268,876.4422
904.1666666666663,916.8226
932.7956989247309,945.5367
935.7526881720429,1027.5054
951.075268817204,993.6817
927.284946236559,1039.346
699.1935483870968,1062.3247
585.2150537634409,1000.70026
946.2365591397848,1026.7312
1056.1827956989248,1012.85114
1043.5483870967741,1169.5359
1028.0913978494623,1217.6785
959.8118279569891,1111.2117
721.5053763440858,1148.8252
625.1344086021505,890.9954
1090.5913978494623,842.6705
1269.2204301075267,872.53595
1208.1989247311826,949.00226
1234.274193548387,879.50995
1147.1774193548385,922.6568
923.7903225806448,931.4766
620.6989247311827,793.76105
1100.1344086021504,791.4449
1103.763440860215,805.5279
1144.0860215053763,926.98126
1094.758064516129,914.9521
1144.3548387096773,911.1785
668.9516129032257,880.23785
533.0645161290323,789.127
932.3924731182794,821.41534
912.4999999999998,785.64813
840.05376344086,866.4865
886.4247311827955,847.23444
680.9139784946236,868.04913
631.7204301075268,891.4561
484.0053763440861,818.8526
467.0698924731184,823.3825
807.9301075268816,827.15594
876.3440860215052,949.24493
885.3494623655913,940.29425
597.1774193548388,966.7247
615.0537634408603,959.5584
528.3602150537636,900.608
812.4999999999998,878.15216
957.258064516129,923.9964
942.0698924731183,1067.8789
546.505376344086,1046.206
754.7043010752686,1051.0356
641.1290322580645,1069.8813
550.8064516129033,916.5235
943.4139784946235,876.9039
1043.1451612903224,852.13727
934.6774193548387,964.16437
956.5860215053764,936.1121
981.3172043010753,974.4483
553.0913978494624,956.30743
480.10752688172056,706.4632
823.5215053763441,715.45123
888.4408602150538,686.32367
852.4193548387095,789.8768
802.0161290322578,749.4427
806.4516129032257,707.0701
626.3440860215054,710.8055
509.67741935483866,627.1336
811.9623655913978,610.10956
902.55376344086,620.4006
1025.9408602150538,641.67267
968.2795698924731,740.9749
933.3333333333331,739.1536
577.5537634408603,705.2027
462.76881720430123,657.28937
917.2043010752687,683.38715
913.3064516129032,683.5983
831.3172043010751,781.96295
893.6827956989248,773.5684
762.3655913978492,673.56964
579.4354838709677,689.33136
512.7688172043011,719.35297
735.0806451612901,733.45416
796.1021505376342,742.972
897.8494623655913,875.0086
922.0430107526881,841.5452
786.8279569892471,873.87726
555.1075268817204,858.1475
475.6720430107527,656.7518
755.7795698924729,652.909
514.2473118279571,659.83636
995.5645161290322,782.3006
960.3494623655913,755.06683
685.3494623655913,740.82404
588.5752688172043,764.22015
547.9838709677421,705.7679
936.6935483870967,708.4627
974.4623655913978,717.866
1015.8602150537633,809.44183
1042.2043010752689,822.7071
945.2956989247313,836.0208
663.9784946236559,863.1257
502.956989247312,636.81256
741.1290322580643,678.2426
802.0161290322579,663.9755
894.2204301075268,795.64923
794.8924731182793,752.6091
820.9677419354837,739.3101
562.5,719.2901
475.6720430107528,645.7791
913.1720430107525,653.1242
968.2795698924732,653.2828
975.5376344086021,731.71515
973.252688172043,747.60785
788.4408602150537,774.7264
646.1021505376343,796.023
518.0107526881721,658.46857
881.989247311828,641.2443
905.6451612903224,641.56793
971.2365591397848,722.71466
942.4731182795698,753.87335
893.1451612903226,848.33966
575.1344086021506,746.1866
531.5860215053763,692.0107
849.7311827956987,720.7813
1022.4462365591397,746.47504
1025.0,863.90765
1016.2634408602149,844.51886
830.2419354838709,853.49554
606.8548387096774,866.0523
490.7258064516131,690.51166
906.4516129032257,669.191
1016.3978494623656,653.9489
1109.6774193548388,730.8453
1119.0860215053763,756.73944
996.236559139785,752.6114
627.8225806451611,788.13116
511.962365591398,681.117
1015.7258064516129,692.8813
1087.3655913978494,710.18195
1084.5430107526881,851.3924
1048.790322580645,825.43195
1090.4569892473116,830.2884
782.3924731182793,836.73224
600.6720430107526,718.09503
1023.1182795698924,717.92145
1049.1935483870968,717.9102
1021.2365591397848,826.31525
1065.0537634408602,824.93585
1017.4731182795698,818.83746
635.752688172043,833.5213
535.3494623655914,685.3294
822.1774193548384,720.0994
849.327956989247,740.00836
701.8817204301073,867.6005
653.0913978494623,870.108
458.0645161290324,918.566
526.2096774193548,887.13947
461.0215053763443,752.79254
717.7419354838707,746.80695
797.5806451612902,775.62555
727.284946236559,911.58746
636.9623655913979,924.34064
676.747311827957,936.669
550.5376344086022,968.7735
452.5537634408603,724.35724
552.016129032258,771.721
595.0268817204301,793.7763
568.0107526881721,956.5357
582.7956989247313,921.8643
563.3064516129032,916.8571
565.8602150537633,984.7574
479.43548387096786,820.6141
708.6021505376343,801.0135
739.2473118279569,783.0833
746.3709677419353,897.7525
717.8763440860215,844.1341
685.8870967741934,855.5162
509.5430107526882,880.3454
461.55913978494624,617.6788
813.7096774193548,650.9279
913.8440860215054,613.12274
1011.4247311827957,671.59515
1001.7473118279569,678.1623
1001.478494623656,578.3099
691.2634408602149,534.294
502.01612903225816,528.2966
996.6397849462364,571.98676
1005.779569892473,569.5756
954.1666666666665,661.65326
970.9677419354837,616.93317
1028.494623655914,596.2448
714.1129032258063,566.63824
543.9516129032259,541.39874
924.4623655913979,509.04083
992.8763440860214,516.4527
952.9569892473118,553.4245
920.1612903225806,561.7663
929.97311827957,567.71783
757.9301075268814,576.357
573.7903225806452,582.9195
1033.1989247311828,615.38727
1021.9086021505376,611.9357
1068.9516129032256,686.33527
1004.7043010752687,684.81903
989.784946236559,690.3123
668.4139784946236,694.31903
546.505376344086,668.40314
1084.5430107526881,682.7841
1064.3817204301074,721.2032
1162.0967741935483,839.25555
1097.7150537634407,858.26776
1054.9731182795697,880.575
658.0645161290321,935.851
561.9623655913979,775.83234
1091.532258064516,751.20123
1064.9193548387095,753.41925
1151.747311827957,900.9046
1186.6935483870968,855.22833
1117.3387096774193,937.533
774.5967741935482,938.6326
569.6236559139787,766.96344
911.1559139784945,767.5546
1041.532258064516,752.54083
1061.2903225806451,889.3001
1122.5806451612902,859.06354
1080.3763440860214,865.5284
924.7311827956987,924.9019
636.7607526881721,825.35187
1023.7903225806451,817.06696
1037.5,815.14825
1184.2741935483868,935.373
1142.741935483871,917.91534
1062.3655913978494,926.0787
722.5806451612902,969.9266
570.9677419354838,794.35065
1088.4408602150536,811.0843
1164.2473118279568,860.7808
1181.5860215053763,975.54596
1295.8333333333333,965.23224
1220.4301075268816,975.2039
1032.6612903225805,1011.95807
598.9247311827958,755.68097
1183.4677419354837,823.4273
1247.8494623655913,864.7369
1257.1236559139784,991.5889
1315.0537634408602,975.37604
1245.9677419354837,1005.54767
862.0967741935482,1029.773
629.9731182795699,824.793
1085.8870967741934,823.9798
1119.758064516129,811.8383
1131.1827956989246,947.22394
1188.4408602150538,951.7288
1123.252688172043,991.7474
808.4677419354837,1043.1758
614.9193548387096,905.483
1064.247311827957,900.3558
1154.7043010752689,891.2281
1227.8225806451612,970.5689
1230.6451612903224,987.38214
1110.0806451612905,1015.7032
780.9139784946234,1060.5212
640.1881720430107,861.73224
979.8387096774194,895.37946
1064.2473118279568,910.47565
1093.6827956989248,1077.7761
1245.0268817204299,1058.8652
1198.6559139784947,1164.603
815.4569892473115,1168.1545
707.9301075268817,1019.8309
730.1075268817203,879.55133
1119.2204301075267,947.08527
1229.5698924731182,1118.2395
1289.9193548387098,1095.0396
1113.3064516129032,1109.646
831.1827956989245,1124.5625
704.8387096774193,925.6656
1081.8548387096776,919.25714
1218.279569892473,903.7962
1289.3817204301074,1025.54
1230.510752688172,1001.8785
1053.0913978494623,1029.252
823.2526881720427,1068.4072
706.7204301075267,911.06476
1063.3064516129032,903.47076
1136.4247311827955,912.2686
777.4193548387095,1034.585
611.0529072812992,422.2879
319.1461498166579,472.4532
85.12310110005237,406.0511
698.5332634887376,419.04437
668.2818229439499,460.1656
597.4332111052908,530.3913
606.0764798323728,522.6309
564.5625982189626,489.7215
338.0041906757466,466.36176
86.69460450497641,426.62903
771.7391304347826,434.04572
728.5227867993714,429.53003
673.6511262441069,535.7817
625.7202723939234,540.92865
569.015191199581,512.5246
358.69565217391306,514.36993
107.51702462022003,459.37128
787.8470403352541,446.45526
694.9973808276585,499.8017
615.1126244106863,566.04865
590.0995285489785,553.53815
578.0513357778941,512.3027
333.6825563122054,513.71344
92.98061812467259,448.76776
680.722891566265,457.40045
610.9219486642222,514.3797
599.7904662126768,577.37787
549.7642744892614,584.58636
505.8931377684652,552.44354
297.93085385018344,525.4908
80.53954950235726,456.81342
297.9308538501833,460.61835
287.061288632792,513.94244
614.0649554740702,572.6961
597.3022524882138,562.56964
468.5699319015191,533.49884
284.442116291252,517.4228
81.06338397066527,463.32672
488.9994761655316,482.82477
430.98480880041905,544.5723
410.94814038763747,609.34686
176.92509167103188,591.8066
378.4704033525405,547.05145
269.3818753273966,510.04303
80.67050811943426,455.94
405.3169198533263,468.21405
386.9827134625459,452.3432
396.80460974332107,579.5684
385.2802514405449,548.80145
424.43687794656887,502.23053
309.71712938711363,479.05927
90.36144578313251,401.5171
527.7632268203247,420.15662
530.9062336301728,414.7879
581.7181770560503,514.85895
572.5510738606599,497.586
537.5851231011001,445.1463
304.0859088528025,407.7879
89.96856993190151,341.28583
624.0178103719225,302.4926
599.1356731272917,368.02972
531.1681508643268,437.1114
498.5594552121529,408.99255
472.62964903090625,472.2757
345.07595599790466,403.19873
90.49240440020951,315.34747
420.3771608171817,327.2364
510.7386066003142,304.81818
520.5605028810895,379.7397
520.0366684127815,346.87128
514.1435306443165,292.01672
372.31534834992146,289.1629
86.0398114195914,318.52264
505.50026191723407,316.78497
525.2750130958617,309.83746
517.8103719224725,377.52435
559.8480880041906,386.0871
364.3268727082242,385.41742
372.57726558407546,393.74213
88.00419067574647,390.123
523.7035096909376,399.96796
512.5720272393924,407.3183
520.2985856469355,476.60992
511.13148245154525,500.6065
367.0770036668413,485.35968
381.2205343111578,461.67255
86.69460450497641,391.48102
519.3818753273964,403.59613
517.9413305395495,420.47565
518.0722891566265,501.49384
382.92299633315866,478.69574
384.62545835515976,437.79413
371.2676794133053,414.63385
86.1707700366684,393.48834
532.870612886328,348.79108
548.4546883184914,390.40277
397.98323729701417,438.68732
461.76008381351494,456.68396
399.2928234677843,447.38336
184.78260869565216,432.99762
83.68255631220534,405.9229
262.70298585646935,387.09772
284.96595075956,380.59503
288.2399161864852,448.89966
329.6228391828182,437.5511
318.88423258250384,445.02893
190.41382922996334,378.25366
91.14719748559452,366.1521
263.3577789418545,386.85968
262.5720272393925,364.68933
273.9654269250916,437.26178
261.52435830277625,422.62628
267.8103719224725,415.4798
182.6872708224201,376.0791
81.9800942902043,354.11847
230.22524882137242,366.74725
227.6060764798322,343.42426
226.42744892613933,411.24786
219.4866422210582,391.46326
218.83184913567322,371.46674
150.73336825563126,334.30865
98.48088004190679,328.0927
271.0843373493975,341.3498
265.06024096385545,318.93787
273.83446830801466,384.09796
268.8580408590886,381.81866
270.42954426401275,360.24933
179.675222629649,309.5761
83.94447354635935,223.57909
197.61655316919848,195.05907
176.6631744368779,195.81169
292.9544264012573,235.64482
336.4326872708224,261.48755
193.29491880565746,261.6056
195.9140911471975,251.97844
94.55212152959665,197.93456
384.6254583551597,186.5255
354.3740178103718,184.09636
319.53902566788895,225.03246
306.70508119434265,228.25053
304.7407019381875,228.72185
187.53273965426925,217.62242
83.68255631220535,188.52202
281.43006809848094,166.8842
300.1571503404924,165.96367
303.0382399161865,197.51244
297.66893661602927,195.95424
300.1571503404924,200.78343
192.7710843373492,200.31917
87.61131482451543,178.32445
278.8108957569408,188.3785
283.78732320586687,185.20317
227.47511786275535,224.66612
298.0618124672603,226.16692
317.96752226296485,231.36833
215.819800942902,224.37108
84.73022524882137,191.17326
281.43006809848083,163.81352
293.7401781037193,170.20744
310.11000523834474,199.44066
314.95547407019393,224.89586
327.39654269250906,259.12744
188.9732844421163,238.20818
84.20639078051335,206.22063
347.0403352540596,239.32811
347.9570455735987,222.5258
346.3855421686747,276.27997
329.0990047145103,263.45166
306.70508119434265,264.29364
191.85437401781036,248.46892
88.39706652697745,205.2314
297.01414353064433,201.93193
334.20639078051335,200.9918
328.8370874803562,243.22179
310.5028810895757,248.24889
304.3478260869565,255.29857
187.40178103719225,245.3715
84.07543216343635,205.9666
329.75379779989527,199.18419
352.8025144054479,196.06871
352.0167627029859,236.61913
313.3839706652699,234.31609
292.2996333158722,242.78575
203.9025667888946,255.46739
95.59979046621268,223.88182
290.20429544264016,205.16154
311.15767417496085,201.40993
322.5510738606601,245.1768
323.20586694604503,268.14435
325.56312205343113,276.54572
186.2231534834992,269.3919
81.8491356731273,220.9832
330.93242535358826,231.46062
340.23048716605547,223.94743
311.1576741749606,274.9146
295.5735987427973,275.55267
179.282346778418,288.86627
181.50864326872704,262.66412
86.82556312205342,215.08018
333.15872184389735,215.95073
323.9916186485072,212.95403
322.5510738606599,258.25262
312.9910948140388,269.35535
300.8119434258774,279.2011
207.70036668412757,261.2152
92.98061812467259,220.18828
336.1707700366684,226.02385
349.6595075955998,226.83311
361.83865898376115,275.40955
357.1241487689891,271.4873
335.7778941854374,276.43146
185.83027763226812,256.7392
85.77789418543739,216.73436
360.790990047145,211.61885
367.46987951807216,204.67064
342.1948664222106,250.7299
339.0518596123626,274.64166
358.302776322682,281.13458
189.10424305919324,264.7212
86.95652173913042,218.08305
345.4688318491356,217.77873
333.9444735463594,208.52434
294.26401257202724,257.73804
332.5039287585123,259.93542
337.0874803562074,247.77733
219.74855945521207,218.50786
90.62336301728651,198.86388
299.63331587218437,226.35109
319.27710843373495,217.9066
317.18177056050286,270.50476
301.8596123624935,270.57928
280.25144054478784,277.43536
183.73493975903614,270.5832
82.63488737558932,233.53362
284.70403352540603,240.75774
283.787323205867,228.76732
291.1210057621792,281.88245
297.66893661602944,309.69202
306.18124672603454,318.31415
197.22367731796749,285.43317
89.83761131482449,228.65923
294.39497118910435,239.85704
295.44264012572023,232.53221
308.5385018334206,286.77148
323.9916186485071,300.41638
376.1131482451546,294.99982
203.50969093766375,280.9007
80.67050811943427,226.02739
287.8470403352541,230.67259
282.0848611838659,219.89964
297.9308538501834,273.99542
266.7627029858565,274.1562
265.97695128339444,273.4687
180.19905709795708,271.94965
81.3253012048193,228.24681
255.1073860660031,214.67915
385.67312729177576,206.0023
391.43530644316405,254.12865
345.8617077003667,257.4359
334.9921424829754,261.50507
262.4410686223154,243.31987
91.40911471974853,205.37444
459.5337873232059,206.0631
546.6212676794133,201.0106
527.1084337349397,246.51219
559.1932949188057,249.83147
574.384494499738,255.59062
442.11629125196424,252.64171
101.55840754321632,215.41832
570.717653221582,217.09904
559.0623363017287,211.67021
533.918281822944,264.35638
550.6809848088003,279.76025
543.609219486642,276.53156
427.3179675222628,278.16223
78.96804609743323,230.58092
527.2393923520167,216.59636
544.6568884232582,212.16753
567.9675222629648,259.06012
585.1231011000523,263.5075
559.4552121529596,270.09534
412.78156102671545,270.6383
79.36092194866423,247.69414
531.2991094814038,252.23552
407.28129910948144,302.1537
405.9717129387114,324.6833
395.88789942378213,366.48297
401.2572027239392,366.47162
297.27606076479833,363.69647
83.68255631220532,353.77863
457.3074908328968,371.7425
493.8449449973808,418.8775
468.83184913567317,477.6153
457.8313253012049,491.31757
424.3059193294918,487.9273
289.02566788894705,479.93353
73.72970141435307,465.74078
455.0811943425877,431.36847
488.3446830801467,386.95667
551.7286537454164,496.0374
564.8245154531168,483.04486
559.3242535358828,471.15778
90.88528025144056,455.14484
72.02723939235203,442.2845
193.94971189104254,398.3341
445.25929806181233,414.53497
575.5631220534312,479.61005
538.7637506547931,485.91266
487.6898899947617,465.5196
298.9785227867994,438.6822
82.3729701414353,413.11572
316.0031430068099,364.11908
635.4112100576218,307.85565
589.0518596123625,398.39386
575.5631220534311,372.33685
623.1011000523836,363.1258
419.7223677317967,362.03326
82.5039287585123,350.79034
655.0550026191722,345.09607
626.1131482451544,361.7113
570.324777370351,413.6574
551.9905709795704,415.1053
604.5049764274488,392.38483
375.4583551597694,387.91876
77.6584599266632,354.31122
668.8056574122577,367.47443
643.5306443163961,390.99957
312.7291775798848,442.57568
359.71014492753625,260.82428
202.31884057971024,287.57916
194.63768115942034,262.39966
374.7826086956522,250.0399
356.376811594203,257.30304
361.59420289855063,295.75458
366.231884057971,300.07312
355.6521739130435,302.0882
248.69565217391312,289.5979
182.75362318840584,258.42316
351.7391304347827,248.4337
398.8405797101449,266.9848
383.62318840579707,306.33813
348.9855072463768,302.8308
348.4057971014493,313.34753
289.85507246376824,312.41925
194.2028985507247,273.57404
335.94202898550736,267.9593
348.695652173913,274.0611
397.6811594202899,316.43036
378.1159420289855,315.75916
382.7536231884058,328.19904
277.24637681159436,330.3637
193.62318840579718,281.11792
346.8115942028985,264.68365
344.9275362318841,276.41302
365.94202898550725,322.7224
359.5652173913043,338.65094
345.5072463768117,340.7649
281.30434782608694,321.47205
208.840579710145,272.52606
218.1159420289856,287.01617
201.15942028985506,289.30957
356.8115942028987,334.86078
355.79710144927543,323.79218
328.1159420289857,343.92487
225.79710144927546,339.86945
172.89855072463766,298.9461
300.4347826086958,281.09686
292.89855072463774,285.43433
290.28985507246375,342.4096
287.2463768115943,334.53857
280.4347826086957,338.88556
236.5217391304348,312.49274
131.8840579710145,300.16376
284.4927536231885,276.96442
305.6521739130435,285.61865
300.0000000000001,324.39813
309.56521739130443,327.72845
304.34782608695656,355.831
224.20289855072468,339.4972
187.6811594202899,297.43866
304.7826086956523,267.6283
326.08695652173924,273.43793
297.5362318840579,312.3377
301.59420289855075,309.33942
322.17391304347825,314.69318
239.56521739130451,299.19995
163.33333333333337,273.78534
310.72463768115944,246.70445
313.33333333333337,238.1768
335.21739130434787,251.3845
332.4637681159421,273.50482
338.26086956521743,307.47168
201.7391304347827,295.20624
163.6231884057971,242.26933
278.4057971014494,222.90855
288.5507246376812,232.57805
274.3478260869566,265.04254
279.71014492753625,257.388
293.04347826086956,274.88818
155.36231884057972,268.6598
134.92753623188406,242.36961
256.95652173913044,218.87389
247.97101449275365,224.72984
257.82608695652175,269.01196
284.3478260869565,270.54022
168.69565217391303,285.3662
157.39130434782612,272.20703
133.33333333333334,253.62822
252.89855072463772,236.09233
269.5652173913044,248.19054
279.7101449275363,283.77905
310.4347826086956,275.13287
191.44927536231887,291.91394
164.63768115942034,277.66608
141.8840579710145,260.20563
241.30434782608694,237.84184
265.5072463768116,242.59068
266.9565217391305,277.79175
167.24637681159425,289.56427
169.27536231884065,299.77118
179.1304347826088,283.3933
160.1449275362319,222.43358
252.75362318840587,206.68663
252.89855072463783,215.04869
277.39130434782624,241.64409
252.75362318840584,243.25468
258.840579710145,253.76225
185.21739130434793,242.882
124.92753623188409,192.39214
237.53623188405803,185.87065
261.0144927536233,192.17216
256.6666666666667,219.90645
247.8260869565218,225.50847
255.21739130434804,223.34886
157.68115942028993,194.28966
110.57971014492753,181.50725
254.6376811594203,192.6928
266.23188405797106,199.2949
273.04347826086956,233.31853
273.76811594202906,250.57744
268.40579710144937,238.73051
184.78260869565224,210.34526
138.11594202898553,181.72581
265.3623188405798,180.3737
283.9130434782609,198.43886
266.6666666666667,218.2176
271.88405797101456,215.27666
265.7971014492753,183.89125
167.39130434782606,172.16545
153.3333333333334,179.49336
272.02898550724643,187.31459
247.97101449275368,201.81822
254.92753623188406,221.38286
241.15942028985503,222.65443
263.04347826086956,227.71922
124.05797101449275,225.62682
137.1014492753623,193.85762
128.55072463768116,180.84837
162.17391304347828,184.79558
244.4927536231884,213.08208
231.7391304347826,218.351
132.02898550724638,229.37114
121.30434782608695,223.06175
131.44927536231884,187.5226
228.2608695652174,189.6129
226.23188405797106,190.56316
250.7246376811594,229.33855
235.6521739130435,231.30962
246.23188405797103,245.27452
139.56521739130434,233.00487
115.94202898550724,204.64146
241.44927536231893,193.5308
274.49275362318843,197.66783
261.88405797101467,228.64012
241.8840579710146,226.33293
265.2173913043478,222.08727
175.50724637681165,217.19743
125.94202898550724,183.89061
266.08695652173924,181.46205
271.7391304347827,190.87657
248.840579710145,210.91014
245.07246376811594,210.86504
242.75362318840584,212.31847
171.44927536231887,196.26112
131.0144927536232,160.66869
238.26086956521738,140.08961
252.31884057971024,154.34892
264.05797101449275,171.04189
269.13043478260886,185.69896
284.49275362318843,196.21312
166.95652173913044,165.14384
128.11594202898553,152.35686
241.8840579710144,166.48125
255.79710144927537,180.42033
260.4347826086957,201.70564
247.97101449275365,206.68993
236.5217391304348,220.17162
143.18840579710147,211.22527
106.08695652173913,179.9879
244.4927536231884,180.58177
256.52173913043475,187.95982
245.36231884057972,221.47343
258.6956521739131,222.90129
278.5507246376811,229.56761
184.49275362318852,223.71458
138.1159420289855,194.56908
251.0144927536232,190.03136
277.5362318840579,192.0966
272.46376811594206,222.19798
263.62318840579724,216.39796
268.2608695652175,214.08287
151.01449275362322,213.06755
113.6231884057971,187.7307
218.11594202898553,176.95015
239.1304347826088,189.28563
261.4492753623189,215.28148
258.98550724637687,220.42827
260.2898550724638,240.37993
146.8115942028986,230.91222
134.20289855072465,187.30586
245.79710144927543,176.65327
258.98550724637687,185.4954
263.18840579710144,211.6718
247.24637681159416,213.42244
167.10144927536237,222.05116
156.52173913043484,212.53453
135.21739130434784,178.95558
234.05797101449284,180.9293
237.2463768115943,183.17656
248.55072463768127,216.64104
233.47826086956528,218.44456
242.31884057971013,233.74443
165.79710144927543,229.70177
132.0289855072464,199.25105
243.33333333333334,185.8032
259.13043478260886,195.5319
255.9420289855072,224.11885
254.05797101449278,223.1263
254.05797101449286,239.46648
178.26086956521746,225.44603
124.7826086956522,180.4348
264.0579710144928,167.0783
269.8550724637681,176.65373
252.02898550724646,205.61806
239.2753623188407,216.84789
237.53623188405805,228.54851
185.36231884057977,217.04988
135.94202898550725,182.5627
247.53623188405805,174.58855
247.39130434782618,186.14064
260.00000000000006,214.09138
251.73913043478265,214.91106
295.94202898550725,208.24352
156.8115942028986,182.28395
127.82608695652172,166.71684
249.4202898550724,172.1779
270.00000000000017,185.12724
287.6811594202899,207.10576
274.05797101449286,209.69682
284.2028985507247,213.37892
181.88405797101453,210.73042
143.33333333333334,187.24187
260.28985507246375,180.90141
259.7101449275363,191.61772
263.04347826086956,218.54173
261.5942028985508,221.1339
324.49275362318843,226.83305
185.36231884057975,227.05022
127.97101449275362,195.49046
264.49275362318855,189.9293
275.6521739130436,194.13304
288.8405797101449,224.72978
285.072463768116,220.0555
262.60869565217394,215.77858
162.89855072463772,214.16985
106.6666666666667,195.58858
238.840579710145,185.05904
248.98550724637687,196.49602
255.21739130434787,221.56248
250.43478260869574,223.30699
263.0434782608697,245.15703
179.4202898550725,240.38182
124.63768115942028,198.79033
257.6811594202899,190.39897
286.66666666666674,200.43602
293.4782608695654,232.7755
296.0869565217392,237.45561
284.6376811594203,249.02489
185.6521739130435,241.5131
129.27536231884056,202.44246
247.82608695652183,192.58842
263.47826086956525,203.99718
271.88405797101444,229.55913
279.7101449275364,229.85912
289.8550724637682,249.74712
199.85507246376818,254.6079
128.4057971014493,204.69405
277.82608695652175,195.6959
277.24637681159425,199.70879
277.3913043478261,233.71935
272.46376811594206,236.07243
283.0434782608696,249.23851
154.20289855072465,236.2512
123.18840579710145,188.44408
271.30434782608705,183.32152
291.7391304347826,186.28828
317.9710144927537,219.89037
302.60869565217394,223.13768
272.608695652174,238.31755
176.81159420289862,237.83458
134.9275362318841,206.12663
303.9130434782609,202.3409
315.65217391304344,206.42924
306.37681159420293,245.3925
313.91304347826093,247.95695
281.30434782608694,258.2484
227.8260869565218,252.60118
151.01449275362322,202.58727
316.23188405797106,191.36583
327.6811594202899,200.55458
355.7971014492754,231.33897
339.27536231884073,236.52489
321.7391304347826,256.32977
237.10144927536243,254.70604
139.71014492753622,214.47282
290.2898550724638,204.51671
312.17391304347825,206.42418
365.072463768116,243.30223
328.40579710144925,241.43486
335.0724637681159,255.68913
224.63768115942025,252.18205
238.1159420289856,208.55763
300.4347826086957,220.13402
340.43478260869557,218.82121
338.55072463768124,261.34924
346.08695652173924,275.42816
343.768115942029,277.45233
213.91304347826096,270.50433
166.3768115942029,224.44963
166.95652173913044,242.71953
314.78260869565224,232.6895
344.20289855072474,282.83026
352.753623188406,275.55548
332.46376811594223,285.46118
195.21739130434784,282.30865
157.53623188405797,253.39476
338.1159420289856,248.9683
306.5217391304348,250.78929
315.5072463768117,296.71155
344.92753623188406,296.922
359.1304347826087,309.8343
272.17391304347836,300.9054
223.04347826086968,256.27612
360.7246376811595,236.20506
354.78260869565224,242.62328
229.13043478260877,281.76385
3473.102431834928,2618.6482
1273.7656595431101,3323.7488
1249.6315401621223,2848.1296
3184.9668386145913,2646.658
3940.493736182756,2758.658
3663.0434782608695,3424.089
3594.694178334562,3404.2087
3585.2984524686813,3238.7327
1440.4937361827565,3183.2898
1267.1333824613116,2657.7947
2933.3087693441416,2863.9626
3867.1702284451,2798.49
3786.47752394989,3234.3318
3170.2284450994835,3238.6384
3815.217391304348,3507.285
1335.2984524686808,3229.4265
1216.101694915254,2589.8962
3271.554900515843,2635.235
3283.7140751658058,2729.8293
3079.9557848194545,3294.3796
3143.515106853353,3192.3796
3064.296241709653,3023.5886
1259.9484156226977,2947.6423
1266.5806927044953,2464.5857
2925.2026529108316,2624.4622
3089.167280766396,2585.988
2920.596904937362,3182.6926
3176.1238025055254,3148.4592
2927.966101694916,3340.0667
1208.179808400884,3094.0164
1236.9196757553423,2540.0242
2799.0051584377306,2722.2546
2912.8592483419316,2707.9802
2874.539425202652,3310.7449
2861.274871039057,3320.9016
2856.1164333087695,3295.115
1190.862196020633,3205.8835
1204.4952100221071,2601.8293
2775.7921886514378,2644.1047
2782.608695652175,2574.848
2743.920412675019,3121.9583
2846.35224760501,3214.8376
2819.6389093588796,3196.4626
1185.1510685335297,3004.0935
1214.6278555637434,2400.806
2681.098010316875,2418.8982
2827.37656595431,2373.1736
2768.791451731761,2948.0173
2740.235814296242,2761.7068
3171.333824613117,2700.9001
1162.1223286661757,2732.1477
1197.6787030213704,2179.2053
2770.8179808400873,2304.4304
2929.808400884304,2317.3328
2818.9019896831246,2776.6672
2995.578481945468,2770.2751
2844.1414885777453,2675.6477
1191.230655858511,2674.1897
1016.0280029476786,2094.4885
3088.061901252763,2222.8977
3214.2593957258664,2252.2322
3021.186440677966,2671.3792
2963.3382461311717,2592.265
3098.3787767133385,2665.93
1496.3154016212231,2613.5964
1069.63890935888,2052.3274
2614.775239498894,2186.6125
2613.3014001473844,2215.8938
2774.8710390567435,2609.0134
2633.382461311717,2521.6008
2534.819454679441,2666.779
1319.4546794399407,2598.3796
1031.319086219602,2043.136
2619.749447310243,2164.4436
2396.2785556374356,2208.6794
2384.6720707442887,2614.4988
2288.5040530582173,2543.6428
2210.7590272660277,2658.0564
1236.1827560795873,2647.845
1026.89756816507,2177.0974
2153.46352247605,2270.215
2303.7951363301395,2315.8123
2327.376565954311,2758.9011
2361.274871039057,2649.5295
2078.2977155490057,2764.9568
1268.9756816507004,2738.4968
1015.1068533529846,2079.6965
2082.535003684599,2200.652
2134.1193809874726,2348.8845
2190.125276344878,2737.3376
1637.6197494473101,2777.076
2051.215917464996,2532.743
1315.0331613854094,2480.159
996.6838614591006,2026.8503
2032.0560058953567,1984.3606
2129.329403095063,1974.6272
2257.737656595431,2320.8748
2028.0029476787029,2475.7424
2112.3802505526896,2250.8752
1262.7118644067796,2258.9758
985.261606484893,1772.5447
2030.950626381724,1924.6941
2092.667649226234,1781.5144
2157.1481208548275,2138.2805
2224.0235814296243,2175.5574
2225.681650700073,1970.0432
1405.8585114222547,2031.9861
1008.4745762711862,1628.9329
2330.6927044952095,1582.1711
2281.687546057479,1726.3401
2556.9270449521,2006.0432
2305.0847457627115,1943.675
2234.3404568901983,1970.8557
1414.1488577745029,1989.1711
1417.8334561532804,1448.697
2053.426676492262,1511.6562
2310.4274134119387,1632.3835
2268.4229918938836,1897.8494
2211.127487103906,1795.2349
2152.3581429624182,1832.8616
1248.3419307295505,1831.4719
986.9196757553427,1425.489
2167.2807663964622,1546.1423
2114.406779661017,1659.1416
2189.019896831245,1943.0847
2163.0434782608695,1892.4641
2584.929992630803,1978.2073
1348.378776713338,1967.325
967.3913043478268,1452.2632
1986.5512159174643,1565.956
2050.1105379513638,1671.6292
2017.5018422991902,1965.0173
2109.0641120117903,1988.7947
1990.7885040530582,2012.9309
1257.0007369196755,2102.2537
940.493736182756,1539.7014
1973.1024318349307,1667.7654
2236.7354458364043,1797.8567
2187.914517317613,2142.7063
2141.304347826087,2046.0266
2203.7582903463517,2060.3704
1427.9661016949156,1869.3962
959.4694178334557,1626.3499
2435.7037582903463,1708.054
2249.8157700810607,1761.4519
2299.5578481945463,1976.908
2115.6963890935886,1922.9417
2078.2977155490053,1908.7346
1569.086219602063,1983.24
1432.9403095062635,1526.8425
1996.8680913780397,1574.0139
2218.3124539425203,1689.7073
2358.3271923360358,1935.6736
2296.4259395725867,2100.4563
2088.246131171702,2091.4436
1581.2453942520262,2015.0891
995.0257921886521,1614.1326
2205.6005895357403,1506.1082
2258.6588061901252,1568.5293
2372.1444362564484,1860.6501
2432.9403095062635,1776.5642
2329.9557848194545,1836.7681
1357.9587324981574,1897.8806
962.0486366986,1426.8665
2164.148857774502,1554.8433
2422.254974207811,1648.2126
2299.926308032424,1975.824
2212.7855563743547,1994.0452
2140.3831982313923,2046.1516
1695.8364038319833,2078.8728
1012.7118644067798,1522.6716
2100.4053058216655,1773.6047
2250.3684598378777,1686.5088
2260.3168754605754,2052.7986
2350.7737656595427,2020.0217
2328.113485630065,1953.221
1446.9417833456157,1814.6443
1026.8975681650702,1761.9075
2201.915991156964,1774.648
2279.6610169491537,1781.7864
2235.8142962417096,2002.7566
2182.9403095062635,1987.5251
2278.002947678703,2084.2122
1449.3367722918201,2054.1155
1006.4480471628592,1780.6797
2045.6890198968308,1586.9324
2245.3942520265296,1762.4304
2332.719233603537,2058.385
2353.3529845246867,2017.7273
2337.324981577008,2161.2068
1231.7612380250548,2062.5813
1013.8172439204128,1607.5415
2208.364038319823,1591.0962
2273.581429624171,1687.1941
2202.2844509948413,2070.3816
2273.5814296241706,1977.3552
2124.3551952837142,2052.6643
1172.0707442888727,1988.9553
986.5512159174655,1799.0872
2016.0280029476794,1594.7454
2220.523212969786,1723.1633
2211.3117170228443,2019.1946
2276.529108327193,1957.0085
2282.9771554900512,2036.8552
1240.9727339719973,2093.2878
1010.3168754605747,1536.5037
2054.3478260869565,1610.6165
2298.2682387619743,1688.1367
2218.865143699337,2036.3416
2203.021370670597,1921.7937
2210.759027266028,2041.9543
1245.7627118644064,2024.5022
1042.0044215180546,1518.947
2175.755342667649,1575.6868
2346.1680176860727,1717.4468
2420.596904937362,1990.5896
2232.3139277818714,2176.111
2256.079587324981,2019.821
1200.810611643331,2085.028
1029.8452468680916,1660.1565
2382.8297715549,1635.1526
2249.0788504053057,1672.366
3254.9742078113495,2008.6394
2533.8983050847455,2067.199
2310.0589535740605,1946.0559
1178.8872512896098,1938.3538
1008.8430361090643,1582.9177
2327.9292557111285,1533.0481
2594.694178334562,1688.263
2913.0434782608704,1960.8083
2341.009579955785,1991.0442
2313.37509211496,2046.3435
1193.994104642594,2010.2195
1009.2114959469417,1653.0391
2678.334561532793,1577.0999
2363.1171702284455,1717.0017
2242.9992630803245,2001.9026
2111.0906411201186,1986.5178
2446.757553426676,2039.0554
1197.3102431834932,2076.7556
998.3419307295507,1705.0972
2169.1230655858512,1677.5686
2163.596168017686,1827.3303
2307.663964627856,2141.529
2481.208548268239,2287.973
2602.800294767871,2179.2395
1453.7582903463517,2203.5764
1035.187914517318,1787.7107
2151.989683124539,2001.4656
2747.2365512159167,1903.05
2560.9801031687543,2256.7185
2500.7369196757554,2396.013
2493.367722918201,2357.5686
1319.2704495210023,2199.1086
1057.6639646278556,1852.2024
2957.4428887251274,1970.7585
3097.4576271186443,1909.4685
3462.4170965364774,2278.5764
3235.8142962417096,2432.9114
3182.2033898305085,2369.7844
1644.067796610169,2122.824
1090.2726602800299,1694.2986
2447.310243183493,1896.4417
2871.407516580693,1796.8623
2884.1193809874712,2176.1335
2656.411201179071,2152.3728
2693.4414148857772,2165.3762
1308.0324244657331,2111.056
1203.8504053058214,1750.6477
2696.573323507738,1738.8674
2802.3212969786296,1814.7927
2763.080324244658,2099.8728
2846.720707442889,2302.0154
2719.233603537215,2292.8987
1180.5453205600588,2380.3542
1203.3898305084745,1916.2195
3128.776713338247,1791.426
3753.3161385408994,1961.9626
3621.5917464996314,2305.6726
3636.3301400147375,2505.6028
3598.9314664701556,2344.6628
1456.8901989683125,2472.281
1211.3117170228445,2128.973
3688.651436993368,2358.3474
3238.7619749447304,2277.4172
3554.1635961680163,2772.3914
3355.747973470891,2962.7576
3513.0803242446573,2745.1091
1263.6330140014738,2552.403
1215.733235077377,2149.342
3249.263080324244,1850.9524
3397.01547531319,2114.469
3857.0375829034633,2465.199
3984.340456890199,2632.6033
3390.198968312454,2514.0046
1322.9550478997785,2512.3616
1247.0523212969786,2113.9382
3134.3036109064105,2290.4485
3341.1938098747237,2310.4143
3941.2306558585124,2733.4016
3443.4414148857772,2677.451
3368.0913780397927,2811.527
1647.5681650700074,2798.3113
1817.98084008843,2450.238
3297.1628592483416,2689.699
3770.0810611643337,2691.7517
4123.065585851143,3296.0515
3835.2984524686813,3251.575
3459.100957995578,3347.7654
1705.4163596168023,3215.8992
1732.3139277818723,2521.015
3275.607958732499,2695.2454
3431.650700073692,2692.2795
3781.319086219603,3312.3738
3492.0781134856297,3161.2595
3826.8238761974935,3120.1355
1493.1834929992629,3090.78
1521.5549005158439,2618.49
3575.350036845985,2711.7039
3639.8305084745766,2697.4119
3755.158437730287,3395.111
3365.6963890935895,3273.1667
3611.090641120117,3449.2498
2158.069270449522,3263.7126
1789.977892409727,2533.1086
3349.2999263080314,2639.239
3478.260869565217,2656.1716
3845.9837877671325,3253.9207
